5x5;a85febf4-1622-4cf4-b1f5-248ba50e6c99;0;0
5x5;a85febf4-1622-4cf4-b1f5-248ba50e6c99;1;0
5x5;a85febf4-1622-4cf4-b1f5-248ba50e6c99;2;0
5x5;a85febf4-1622-4cf4-b1f5-248ba50e6c99;3;0
5x5;a85febf4-1622-4cf4-b1f5-248ba50e6c99;4;0
5x5;a85febf4-1622-4cf4-b1f5-248ba50e6c99;5;0
5x5;a85febf4-1622-4cf4-b1f5-248ba50e6c99;6;0
5x5;a85febf4-1622-4cf4-b1f5-248ba50e6c99;7;0
5x5;a85febf4-1622-4cf4-b1f5-248ba50e6c99;8;0
5x5;a85febf4-1622-4cf4-b1f5-248ba50e6c99;9;0
5x5;a85febf4-1622-4cf4-b1f5-248ba50e6c99;10;0
5x5;a85febf4-1622-4cf4-b1f5-248ba50e6c99;11;0
5x5;a85febf4-1622-4cf4-b1f5-248ba50e6c99;12;0
5x5;a85febf4-1622-4cf4-b1f5-248ba50e6c99;13;0
5x5;a85febf4-1622-4cf4-b1f5-248ba50e6c99;14;0
5x5;a85febf4-1622-4cf4-b1f5-248ba50e6c99;15;0
5x5;a85febf4-1622-4cf4-b1f5-248ba50e6c99;16;0
5x5;a85febf4-1622-4cf4-b1f5-248ba50e6c99;17;0
5x5;a85febf4-1622-4cf4-b1f5-248ba50e6c99;18;0
5x5;a85febf4-1622-4cf4-b1f5-248ba50e6c99;19;0
5x5;a85febf4-1622-4cf4-b1f5-248ba50e6c99;20;0
5x5;a85febf4-1622-4cf4-b1f5-248ba50e6c99;21;0
5x5;a85febf4-1622-4cf4-b1f5-248ba50e6c99;22;0
5x5;a85febf4-1622-4cf4-b1f5-248ba50e6c99;23;0
5x5;a85febf4-1622-4cf4-b1f5-248ba50e6c99;24;0
5x5;a85febf4-1622-4cf4-b1f5-248ba50e6c99;25;0
5x5;a85febf4-1622-4cf4-b1f5-248ba50e6c99;26;0
5x5;a85febf4-1622-4cf4-b1f5-248ba50e6c99;27;0
5x5;a85febf4-1622-4cf4-b1f5-248ba50e6c99;28;0
5x5;a85febf4-1622-4cf4-b1f5-248ba50e6c99;29;0
