25x25;5f0339d0-2337-4936-a166-d2da5ea2ed34;0;-24
25x25;5f0339d0-2337-4936-a166-d2da5ea2ed34;1;-24
25x25;5f0339d0-2337-4936-a166-d2da5ea2ed34;2;-24
25x25;5f0339d0-2337-4936-a166-d2da5ea2ed34;3;-24
25x25;5f0339d0-2337-4936-a166-d2da5ea2ed34;4;-24
25x25;5f0339d0-2337-4936-a166-d2da5ea2ed34;5;-23
25x25;5f0339d0-2337-4936-a166-d2da5ea2ed34;6;-23
25x25;5f0339d0-2337-4936-a166-d2da5ea2ed34;7;-23
25x25;5f0339d0-2337-4936-a166-d2da5ea2ed34;8;-23
25x25;5f0339d0-2337-4936-a166-d2da5ea2ed34;9;-22
25x25;5f0339d0-2337-4936-a166-d2da5ea2ed34;10;-22
25x25;5f0339d0-2337-4936-a166-d2da5ea2ed34;11;-22
25x25;5f0339d0-2337-4936-a166-d2da5ea2ed34;12;-22
25x25;5f0339d0-2337-4936-a166-d2da5ea2ed34;13;-22
25x25;5f0339d0-2337-4936-a166-d2da5ea2ed34;14;-22
25x25;5f0339d0-2337-4936-a166-d2da5ea2ed34;15;-22
25x25;5f0339d0-2337-4936-a166-d2da5ea2ed34;16;-22
25x25;5f0339d0-2337-4936-a166-d2da5ea2ed34;17;-22
25x25;5f0339d0-2337-4936-a166-d2da5ea2ed34;18;-22
25x25;5f0339d0-2337-4936-a166-d2da5ea2ed34;19;-22
25x25;5f0339d0-2337-4936-a166-d2da5ea2ed34;20;-22
25x25;5f0339d0-2337-4936-a166-d2da5ea2ed34;21;-22
25x25;5f0339d0-2337-4936-a166-d2da5ea2ed34;22;-22
25x25;5f0339d0-2337-4936-a166-d2da5ea2ed34;23;-22
25x25;5f0339d0-2337-4936-a166-d2da5ea2ed34;24;-22
25x25;5f0339d0-2337-4936-a166-d2da5ea2ed34;25;-22
25x25;5f0339d0-2337-4936-a166-d2da5ea2ed34;26;-22
25x25;5f0339d0-2337-4936-a166-d2da5ea2ed34;27;-22
25x25;5f0339d0-2337-4936-a166-d2da5ea2ed34;28;-22
25x25;5f0339d0-2337-4936-a166-d2da5ea2ed34;29;-22
25x25;5f0339d0-2337-4936-a166-d2da5ea2ed34;30;-22
25x25;5f0339d0-2337-4936-a166-d2da5ea2ed34;31;-22
25x25;5f0339d0-2337-4936-a166-d2da5ea2ed34;32;-22
25x25;5f0339d0-2337-4936-a166-d2da5ea2ed34;33;-22
25x25;5f0339d0-2337-4936-a166-d2da5ea2ed34;34;-22
25x25;5f0339d0-2337-4936-a166-d2da5ea2ed34;35;-22
25x25;5f0339d0-2337-4936-a166-d2da5ea2ed34;36;-22
25x25;5f0339d0-2337-4936-a166-d2da5ea2ed34;37;-22
25x25;5f0339d0-2337-4936-a166-d2da5ea2ed34;38;-22
25x25;5f0339d0-2337-4936-a166-d2da5ea2ed34;39;-22
25x25;5f0339d0-2337-4936-a166-d2da5ea2ed34;40;-22
25x25;5f0339d0-2337-4936-a166-d2da5ea2ed34;41;-22
25x25;5f0339d0-2337-4936-a166-d2da5ea2ed34;42;-22
25x25;5f0339d0-2337-4936-a166-d2da5ea2ed34;43;-22
25x25;5f0339d0-2337-4936-a166-d2da5ea2ed34;44;-22
25x25;5f0339d0-2337-4936-a166-d2da5ea2ed34;45;-22
25x25;5f0339d0-2337-4936-a166-d2da5ea2ed34;46;-22
25x25;5f0339d0-2337-4936-a166-d2da5ea2ed34;47;-22
25x25;5f0339d0-2337-4936-a166-d2da5ea2ed34;48;-22
25x25;5f0339d0-2337-4936-a166-d2da5ea2ed34;49;-22
