25x25;faea5f83-687d-4ef7-9757-ed6f1dfe7982;0;-24
25x25;faea5f83-687d-4ef7-9757-ed6f1dfe7982;1;-24
25x25;faea5f83-687d-4ef7-9757-ed6f1dfe7982;2;-24
25x25;faea5f83-687d-4ef7-9757-ed6f1dfe7982;3;-23
25x25;faea5f83-687d-4ef7-9757-ed6f1dfe7982;4;-23
25x25;faea5f83-687d-4ef7-9757-ed6f1dfe7982;5;-23
25x25;faea5f83-687d-4ef7-9757-ed6f1dfe7982;6;-23
25x25;faea5f83-687d-4ef7-9757-ed6f1dfe7982;7;-22
25x25;faea5f83-687d-4ef7-9757-ed6f1dfe7982;8;-22
25x25;faea5f83-687d-4ef7-9757-ed6f1dfe7982;9;-22
25x25;faea5f83-687d-4ef7-9757-ed6f1dfe7982;10;-22
25x25;faea5f83-687d-4ef7-9757-ed6f1dfe7982;11;-22
25x25;faea5f83-687d-4ef7-9757-ed6f1dfe7982;12;-22
25x25;faea5f83-687d-4ef7-9757-ed6f1dfe7982;13;-22
25x25;faea5f83-687d-4ef7-9757-ed6f1dfe7982;14;-22
25x25;faea5f83-687d-4ef7-9757-ed6f1dfe7982;15;-22
25x25;faea5f83-687d-4ef7-9757-ed6f1dfe7982;16;-22
25x25;faea5f83-687d-4ef7-9757-ed6f1dfe7982;17;-22
25x25;faea5f83-687d-4ef7-9757-ed6f1dfe7982;18;-22
25x25;faea5f83-687d-4ef7-9757-ed6f1dfe7982;19;-22
25x25;faea5f83-687d-4ef7-9757-ed6f1dfe7982;20;-22
25x25;faea5f83-687d-4ef7-9757-ed6f1dfe7982;21;-22
25x25;faea5f83-687d-4ef7-9757-ed6f1dfe7982;22;-22
25x25;faea5f83-687d-4ef7-9757-ed6f1dfe7982;23;-22
25x25;faea5f83-687d-4ef7-9757-ed6f1dfe7982;24;-22
25x25;faea5f83-687d-4ef7-9757-ed6f1dfe7982;25;-22
25x25;faea5f83-687d-4ef7-9757-ed6f1dfe7982;26;-22
25x25;faea5f83-687d-4ef7-9757-ed6f1dfe7982;27;-22
25x25;faea5f83-687d-4ef7-9757-ed6f1dfe7982;28;-22
25x25;faea5f83-687d-4ef7-9757-ed6f1dfe7982;29;-22
25x25;faea5f83-687d-4ef7-9757-ed6f1dfe7982;30;-22
25x25;faea5f83-687d-4ef7-9757-ed6f1dfe7982;31;-22
25x25;faea5f83-687d-4ef7-9757-ed6f1dfe7982;32;-22
25x25;faea5f83-687d-4ef7-9757-ed6f1dfe7982;33;-21
25x25;faea5f83-687d-4ef7-9757-ed6f1dfe7982;34;-21
25x25;faea5f83-687d-4ef7-9757-ed6f1dfe7982;35;-21
25x25;faea5f83-687d-4ef7-9757-ed6f1dfe7982;36;-21
25x25;faea5f83-687d-4ef7-9757-ed6f1dfe7982;37;-21
25x25;faea5f83-687d-4ef7-9757-ed6f1dfe7982;38;-21
25x25;faea5f83-687d-4ef7-9757-ed6f1dfe7982;39;-21
25x25;faea5f83-687d-4ef7-9757-ed6f1dfe7982;40;-21
25x25;faea5f83-687d-4ef7-9757-ed6f1dfe7982;41;-21
25x25;faea5f83-687d-4ef7-9757-ed6f1dfe7982;42;-21
25x25;faea5f83-687d-4ef7-9757-ed6f1dfe7982;43;-21
25x25;faea5f83-687d-4ef7-9757-ed6f1dfe7982;44;-21
25x25;faea5f83-687d-4ef7-9757-ed6f1dfe7982;45;-21
25x25;faea5f83-687d-4ef7-9757-ed6f1dfe7982;46;-21
25x25;faea5f83-687d-4ef7-9757-ed6f1dfe7982;47;-21
25x25;faea5f83-687d-4ef7-9757-ed6f1dfe7982;48;-21
25x25;faea5f83-687d-4ef7-9757-ed6f1dfe7982;49;-21
